ENGLISH,TURKISH
abandon,terk etmek
ability,yetenek
able,hünerli
abortion,kürtaj
about,hakkında
above,üstünde
abroad,yurt dışı
absence,yokluk
absolute,mutlak
absolutely,kesinlikle
absorb,emmek
abuse,suistimal etmek
academic,akademik
accept,kabul etmek
access,erişim
accident,kaza
accompany,eşlik etmek
accomplish,sonuçlandırmak
according,binaen
account,hesap
accurate,kesin
accuse,suçlamak
achieve,başarmak
achievement,başarı
acid,asit
acknowledge,kabullenmek
acquire,elde etmek
across,karşısında
act,davranmak
action,aksiyon
active,aktif
activist,aktivist
activity,aktivite
actor,aktör
actress,aktris
actual,gerçek
actually,Aslında
ad,reklam
adapt,uyum sağlamak
add,eklemek
addition,ek
additional,ek olarak
address,adres
adequate,yeterli
adjust,ayarlamak
adjustment,ayar
administration,yönetim
administrator,yönetici
admire,beğenmek
admission,giriş
admit,itiraf etmek
adolescent,ergen
adopt,evlat edinmek
adult,yetişkin
advance,ilerlemek
advanced,gelişmiş
advantage,avantaj
adventure,macera
advertising,reklam
advice,tavsiye
advise,öğüt vermek
adviser,danışman
advocate,avukat
affair,mesele
affect,etkilemek
afford,parası yetmek
afraid,korkmuş
African,Afrika
African-American,Afrikalı-Amerikalı
after,sonrasında
afternoon,öğleden sonra
again,Tekrar
against,aykırı
age,yaş
agency,ajans
agenda,gündem
agent,ajan
aggressive,agresif
ago,evvel
agree,kabul etmek
agreement,anlaşma
agricultural,tarımsal
ah,Ah
ahead,ilerde
aid,yardım
aide,yardımcı
AIDS,AIDS
aim,amaç
air,hava
aircraft,uçak
airline,havayolu
airport,havalimanı
album,albüm
alcohol,alkol
alive,canlı
all,Tümü
alliance,ittifak
allow,izin vermek
ally,müttefik
almost,neredeyse
alone,yalnız
along,birlikte
already,çoktan
also,Ayrıca
alter,değiştirmek
alternative,alternatif
although,rağmen
always,Her zaman
AM,AM
amazing,inanılmaz
American,Amerikan
among,arasında
amount,miktar
analysis,analiz
analyst,analist
analyze,analiz etmek
ancient,antik
and,Ve
anger,kızgınlık
angle,açı
angry,sinirli
animal,hayvan
anniversary,yıl dönümü
announce,duyurmak
annual,yıllık
another,bir diğer
answer,cevap
anticipate,beklemek
anxiety,endişe
any,herhangi
anybody,herhangi biri
anymore,artık değil
anyone,herhangi biri
anything,herhangi bir şey
anyway,Neyse
anywhere,herhangi bir yer
apart,ayrı
apartment,daire
apparent,belirgin
apparently,görünüşe göre
appeal,çekici
appear,belli olmak
appearance,dış görünüş
apple,elma
application,başvuru
apply,uygula
appoint,atamak
appointment,randevu
appreciate,takdirle karşılamak
approach,yaklaşmak
appropriate,uygun
approval,onay
approve,onaylamak
approximately,yaklaşık olarak
Arab,Arap
architect,mimar
area,alan
argue,tartışmak
argument,argüman
arise,kalkmak
arm,kol
armed,silahlı
army,ordu
around,etrafında
arrange,düzenlemek
arrangement,ayarlama
arrest,tutuklamak
arrival,varış
arrive,varmak
art,sanat
article,madde
artist,sanatçı
artistic,sanatsal
as,gibi
Asian,Asya
aside,bir kenara
ask,sormak
asleep,uyuya kalmak
aspect,bakış açısı
assault,saldırı
assert,ileri sürmek
assess,değer biçmek
assessment,değerlendirme
asset,varlık
assign,atamak
assignment,atama
assist,yardım etmek
assistance,yardım
assistant,asistan
associate,iş arkadaşı
association,dernek
assume,farz etmek
assumption,varsayım
assure,garanti etmek
at,en
athlete,atlet
athletic,atletik
atmosphere,atmosfer
attach,eklemek
attack,saldırı
attempt,girişim
attend,katılmak
attention,dikkat
attitude,davranış
attorney,avukat
attract,cezbetmek
attractive,çekici
attribute,bağlanmak
audience,kitle
author,yazar
authority,otorite
auto,oto
available,mevcut
average,ortalama
avoid,kaçınmak
award,ödül
aware,farkında olmak
awareness,farkındalık
away,uzak
awful,berbat
baby,Bebek
back,geri
background,arka plan
bad,kötü
badly,kötü
bag,çanta
bake,pişmek
balance,denge
ball,top
ban,yasak
band,bant
bank,banka
bar,çubuk
barely,neredeyse
barrel,varil
barrier,bariyer
base,temel
baseball,beyzbol
basic,temel
basically,temel olarak
basis,temel
basket,sepet
basketball,basketbol
bathroom,banyo
battery,pil
battle,savaş
be,olmak
beach,sahil
bean,fasulye
bear,ayı
beat,vurmak
beautiful,Güzel
beauty,güzellik
because,Çünkü
become,haline gelmek
bed,yatak
bedroom,yatak odası
beer,bira
before,önce
begin,başlamak
beginning,başlangıç
behavior,davranış
behind,arka
being,yapı
belief,inanç
believe,inanmak
bell,zil
belong,ait olmak
below,altında
belt,kemer
bench,tezgah
bend,bükülmek
beneath,altında
benefit,fayda
beside,yanında
besides,Ayrıca
best,en iyi
bet,bahis
better,daha iyi
between,arasında
beyond,öte
Bible,İncil
big,büyük
bike,bisiklet
bill,fatura
billion,milyar
bind,bağlamak
biological,biyolojik
bird,kuş
birth,doğum
birthday,doğum günü
bit,biraz
bite,ısırmak
black,siyah
blade,bıçak
blame,suçlamak
blanket,battaniye
blind,kör
block,engellemek
blood,kan
blow,üflemek
blue,mavi
board,pano
boat,bot
body,vücut
bomb,bomba
bombing,bombalama
bond,bağlamak
bone,kemik
book,kitap
boom,patlama
boot,bot
border,sınır
born,doğmak
borrow,borç almak
boss,patron
both,ikisi birden
bother,rahatsız etmek
bottle,şişe
bottom,alt
boundary,sınır
bowl,tas
box,kutu
boy,erkek çocuk
boyfriend,erkek arkadaş
brain,beyin
branch,dal
brand,marka
bread,ekmek
break,kırmak
breakfast,kahvaltı
breast,göğüs
breath,nefes
breathe,nefes almak
brick,tuğla
bridge,köprü
brief,kısa bilgi
briefly,kısaca
bright,parlak
brilliant,muhteşem
bring,getirmek
British,İngiliz
broad,geniş
broken,kırık
brother,Erkek kardeş
brown,kahverengi
brush,fırçalamak
buck,para
budget,bütçe
build,inşa etmek
building,bina
bullet,kurşun
bunch,demet
burden,yük
burn,yakmak
bury,gömmek
bus,otobüs
business,işletme
busy,Meşgul
but,Ancak
butter,tereyağı
button,düğme
buy,satın almak
buyer,alıcı
by,ile
cabin,kabin
cabinet,kabine
cable,kablo
cake,kek
calculate,hesaplamak
call,Arama
camera,kamera
camp,kamp
campaign,kampanya
campus,kampüs
can,olabilmek
Canadian,Kanadalı
cancer,kanser
candidate,aday
cap,kap
capability,yetenek
capable,yetenekli
capacity,kapasite
capital,başkent
captain,kaptan
capture,esir almak
car,araba
carbon,karbon
card,kart
care,bakım
career,kariyer
careful,dikkatli olmak
carefully,dikkatlice
carrier,taşıyıcı
carry,taşımak
case,dava
cash,peşin
cast,döküm
cat,kedi
catch,yakalamak
category,kategori
Catholic,Katolik
cause,neden
ceiling,tavan
celebrate,kutlamak
celebration,kutlama
celebrity,ünlü
cell,hücre
center,merkez
central,merkezi
century,yüzyıl
CEO,CEO
ceremony,tören
certain,kesin
certainly,kesinlikle
chain,zincir
chair,sandalye
chairman,başkan
challenge,meydan okumak
chamber,odacık
champion,şampiyon
championship,şampiyonluk
chance,şans
change,değiştirmek
changing,değişiyor
channel,kanal
chapter,bölüm
character,karakter
characteristic,karakteristik
characterize,karakterize etmek
charge,şarj
charity,hayır kurumu
chart,çizelge
chase,takip etmek
cheap,ucuz
check,kontrol etmek
cheek,yanak
cheese,peynir
chef,şef
chemical,kimyasal
chest,göğüs
chicken,tavuk
chief,şef
child,çocuk
childhood,çocukluk
Chinese,Çince
chip,çip
chocolate,çikolata
choice,seçenek
cholesterol,kolesterol
choose,seçmek
Christian,Hıristiyan
Christmas,Noel
church,kilise
cigarette,sigara
circle,daire
circumstance,durum
cite,alıntı yapmak
citizen,vatandaş
city,şehir
civil,sivil
civilian,sivil
claim,iddia
class,sınıf
classic,klasik
classroom,sınıf
clean,temiz
clear,temizlemek
clearly,açıkça
client,müşteri
climate,iklim
climb,tırmanmak
clinic,klinik
clinical,klinik
clock,saat
close,kapalı
closely,yakından
closer,daha yakın
clothes,kıyafetler
clothing,giyim
cloud,bulut
club,kulüp
clue,ipucu
cluster,küme
coach,koç
coal,kömür
coalition,koalisyon
coast,sahil
coat,kaban
code,kod
coffee,Kahve
cognitive,bilişsel
cold,soğuk
collapse,yıkılmak
colleague,iş arkadaşı
collect,TOPLAMAK
collection,koleksiyon
collective,kolektif
college,üniversite
colonial,sömürge
color,renk
column,kolon
combination,kombinasyon
combine,birleştirmek
come,Gelmek
comedy,komedi
comfort,konfor
comfortable,rahat
command,emretmek
commander,komutan
comment,Yorum
commercial,reklam
commission,komisyon
commit,işlemek
commitment,bağlılık
committee,komite
common,yaygın
communicate,iletişim
communication,iletişim
community,toplum
company,şirket
compare,karşılaştırmak
comparison,karşılaştırmak
compete,rekabet etmek
competition,yarışma
competitive,rekabetçi
competitor,yarışmacı
complain,şikayet etmek
complaint,şikayet
complete,tamamlamak
completely,tamamen
complex,karmaşık
complicated,karmaşık
component,bileşen
compose,beste yapmak
composition,kompozisyon
comprehensive,kapsayıcı
computer,bilgisayar
concentrate,konsantre olmak
concentration,konsantrasyon
concept,kavram
concern,kaygı
concerned,endişeli
concert,konser
conclude,sonuçlandırmak
conclusion,çözüm
concrete,beton
condition,durum
conduct,yönetmek
conference,konferans
confidence,kendinden emin
confident,kendinden emin
confirm,onaylamak
conflict,anlaşmazlık
confront,yüzleşmek
confusion,"bilinç bulanıklığı, konfüzyon"
Congress,Kongre
congressional,kongre
connect,bağlamak
connection,bağlantı
consciousness,bilinç
consensus,fikir birliği
consequence,sonuçlar
conservative,tutucu
consider,dikkate almak
considerable,hatırı sayılır
consideration,düşünce
consist,meydana gelmek
consistent,tutarlı
constant,devamlı
constantly,sürekli
constitute,oluşturmak
constitutional,anayasal
construct,inşa etmek
construction,yapı
consultant,danışman
consume,tüketmek
consumer,tüketici
consumption,tüketim
contact,temas etmek
contain,içermek
container,konteyner
contemporary,modern
content,içerik
contest,yarışma
context,bağlam
continue,devam etmek
continued,devam etti
contract,sözleşme
contrast,zıtlık
contribute,katkı yapmak
contribution,katkı
control,kontrol
controversial,tartışmalı
controversy,tartışma
convention,kongre
conventional,geleneksel
conversation,konuşma
convert,dönüştürmek
conviction,mahkumiyet
convince,ikna etmek
cook,aşçı
cookie,kurabiye
cooking,yemek pişirmek
cool,Serin
cooperation,işbirliği
cop,polis
cope,başa çıkmak
copy,kopyala
core,çekirdek
corn,Mısır
corner,köşe
corporate,kurumsal
corporation,şirket
correct,doğru
correspondent,muhabir
cost,maliyet
cotton,pamuk
couch,kanepe
could,olabilir
council,konsey
counselor,danışman
count,saymak
counter,tezgah
country,ülke
county,kontluk
couple,çift
courage,cesaret
course,kurs
court,mahkeme
cousin,kuzen
cover,kapak
coverage,kapsama
cow,inek
crack,çatırtı
craft,zanaat
crash,kaza
crazy,deli
cream,krem
create,yaratmak
creation,yaratılış
creative,yaratıcı
creature,yaratık
credit,kredi
crew,mürettebat
crime,suç
criminal,suçlu
crisis,kriz
criteria,kriterler
critic,eleştirmen
critical,kritik
criticism,eleştiri
criticize,eleştirmek
crop,mahsul
cross,geçmek
crowd,kalabalık
crucial,hayati
cry,ağlamak
cultural,kültürel
culture,kültür
cup,bardak
curious,meraklı
current,akım
currently,şu anda
curriculum,müfredat
custom,gelenek
customer,müşteri
cut,kesmek
cycle,döngü
dad,baba
daily,günlük
damage,zarar
dance,dans
danger,tehlike
dangerous,tehlikeli
dare,cesaret
dark,karanlık
darkness,karanlık
data,veri
date,tarih
daughter,kız çocuğu
day,gün
dead,ölü
deal,anlaşmak
dealer,satıcı
dear,Sayın
death,ölüm
debate,çekişme
debt,borç
decade,on yıl
decide,karar vermek
decision,karar
deck,güverte
declare,ilan etmek
decline,reddetmek
decrease,azaltmak
deep,derin
deeply,derinden
deer,geyik
defeat,yenmek
defend,savunmak
defendant,sanık
defense,savunma
defensive,savunma
deficit,açık
define,tanımlamak
definitely,kesinlikle
definition,tanım
degree,derece
delay,gecikme
deliver,teslim etmek
delivery,teslimat
demand,talep etmek
democracy,demokrasi
Democrat,Demokrat
democratic,demokratik
demonstrate,göstermek
demonstration,gösteri
deny,reddetmek
department,departman
depend,bağlı olmak
dependent,bağımlı
depending,bağlı olarak
depict,tasvir etmek
depression,depresyon
depth,derinlik
deputy,milletvekili
derive,türetmek
describe,betimlemek
description,Tanım
desert,çöl
deserve,hak etmek
design,tasarım
designer,tasarımcı
desire,arzu
desk,çalışma masası
desperate,çaresiz
despite,aksine
destroy,tahrip etmek
destruction,yıkım
detail,detay
detailed,ayrıntılı
detect,tespit etmek
determine,belirlemek
develop,geliştirmek
developing,gelişen
development,gelişim
device,cihaz
devote,adamak
dialogue,diyalog
die,ölmek
diet,diyet
differ,farklı
difference,fark
different,farklı
differently,farklı
difficult,zor
difficulty,zorluk
dig,kazmak
digital,dijital
dimension,boyut
dining,yemek
dinner,akşam yemeği
direct,doğrudan
direction,yön
directly,doğrudan
director,müdür
dirt,kir
dirty,kirli
disability,sakatlık
disagree,aynı fikirde olmamak
disappear,yok olmak
disaster,felaket
discipline,disiplin
discourse,söylem
discover,keşfetmek
discovery,keşif
discrimination,ayrımcılık
discuss,tartışmak
discussion,tartışma
disease,hastalık
dish,tabak
dismiss,azletmek
disorder,düzensizlik
display,görüntülemek
dispute,anlaşmazlık
distance,mesafe
distant,mesafe
distinct,belirgin
distinction,ayrım
distinguish,ayırt etmek
distribute,dağıtmak
distribution,dağıtım
district,semt
diverse,türlü
diversity,çeşitlilik
divide,bölmek
division,bölüm
divorce,boşanmak
do,Yapmak
doctor,doktor
document,belge
dog,köpek
domestic,yerel
dominant,baskın
dominate,hakim olmak
door,kapı
double,çift
doubt,şüphe
down,aşağı
downtown,şehir merkezi
dozen,düzine
draft,taslak
drag,sürüklemek
drama,dram
dramatic,dramatik
dramatically,dramatik bir şekilde
draw,çizmek
drawing,çizim
dream,rüya
dress,elbise
drink,içmek
drive,sürmek
driver,sürücü
drop,düşürmek
drug,ilaç
dry,kuru
due,vadesi dolmuş
during,sırasında
dust,toz
duty,görev
each,her biri
eager,istekli
ear,kulak
early,erken
earn,para kazanmak
earnings,kazanç
earth,toprak
ease,kolaylaştırmak
easily,kolayca
east,doğu
eastern,doğu
easy,kolay
eat,yemek yemek
economic,ekonomik
economics,ekonomi
economist,iktisatçı
economy,ekonomi
edge,kenar
edition,baskı
editor,editör
educate,eğitmek
education,eğitim
educational,eğitici
educator,eğitimci
effect,etki
effective,etkili
effectively,etkili bir şekilde
efficiency,yeterlik
efficient,verimli
effort,çaba
egg,yumurta
eight,sekiz
either,herhangi biri
elderly,yaşlı
elect,seçmek
election,seçim
electric,elektrik
electricity,elektrik
electronic,elektronik
element,eleman
elementary,temel
eliminate,elemek
elite,elit
else,başka
elsewhere,başka yerde
e-mail,e-posta
embrace,kucaklamak
emerge,meydana gelmek
emergency,acil durum
emission,emisyon
emotion,duygu
emotional,duygusal
emphasis,vurgu
emphasize,vurgu
employ,istihdam etmek
employee,çalışan
employer,iş veren
employment,istihdam
empty,boş
enable,olanak vermek
encounter,rastlamak
encourage,cesaretlendirmek
end,son
enemy,düşman
energy,enerji
enforcement,icra
engage,angaje etmek
engine,motor
engineer,mühendis
engineering,mühendislik
English,İngilizce
enhance,genişletmek
enjoy,Eğlence
enormous,kocaman
enough,yeterli
ensure,emin olmak
enter,girmek
enterprise,girişim
entertainment,eğlence
entire,bütün
entirely,tamamen
entrance,giriş
entry,giriş
environment,çevre
environmental,çevresel
episode,bölüm
equal,eşit
equally,eşit olarak
equipment,teçhizat
era,çağ
error,hata
escape,kaçmak
especially,özellikle
essay,makale
essential,gerekli
essentially,esasen
establish,kurmak
establishment,kuruluş
estate,emlak
estimate,tahmin etmek
etc,vesaire
ethics,etik
ethnic,etnik
european,avrupa
evaluate,değerlendirmek
evaluation,değerlendirme
even,eşit
evening,akşam
event,etkinlik
eventually,sonunda
ever,durmadan
every,Her
everybody,herkes
everyday,Her gün
everyone,herkes
everything,her şey
everywhere,her yer
evidence,kanıt
evolution,evrim
evolve,evrim geçirmek
exact,bire bir aynı
exactly,Kesinlikle
examination,muayene
examine,incelemek
example,örnek
exceed,aşmak
excellent,harika
except,hariç
exception,istisna
exchange,değişme
exciting,heyecan verici
executive,yönetici
exercise,egzersiz yapmak
exhibit,sergilemek
exhibition,sergi
exist,var olmak
existence,varoluş
existing,mevcut
expand,genişletmek
expansion,genleşme
expect,beklemek
expectation,beklenti
expense,gider
expensive,masraflı
experience,deneyim
experiment,deney
expert,uzman
explain,açıklamak
explanation,açıklama
explode,patlamak
explore,keşfetmek
explosion,patlama
expose,ortaya çıkarmak
exposure,maruziyet
express,ifade etmek
expression,ifade
extend,uzatmak
extension,eklenti
extensive,yaygın
extent,kapsam
external,harici
extra,ekstra
extraordinary,olağanüstü
extreme,aşırı
extremely,aşırı boyutta
eye,göz
fabric,kumaş
face,yüz
facility,tesis
fact,hakikat
factor,faktör
factory,fabrika
faculty,fakülte
fade,solmak
fail,hata
failure,arıza
fair,adil
fairly,adil bir şekilde
faith,inanç
fall,düşmek
familiar,aşina
family,aile
famous,ünlü
fan,fan
fantasy,fantezi
far,uzak
farm,çiftlik
farmer,çiftçi
fashion,moda
fast,hızlı
fat,yağ
fate,kader
father,baba
fault,arıza
favor,iyilik
favorite,favori
fear,korku
feature,özellik
federal,federal
fee,ücret
feed,beslemek
feel,hissetmek
feeling,his
fellow,aynı tür
female,dişi
fence,çit
few,bir kaç
fewer,daha az
fiber,lif
fiction,kurgu
field,alan
fifteen,on beş
fifth,beşinci
fifty,elli
fight,kavga
fighter,savaşçı
fighting,kavga
figure,figür
file,dosya
fill,doldurmak
film,film
final,son
finally,Sonunda
finance,finans
financial,mali
find,bulmak
finding,bulma
fine,iyi
finger,parmak
finish,sona ermek
fire,ateş
firm,firma
first,Birinci
fish,balık
fishing,balıkçılık
fit,yerleştirmek
fitness,uygunluk
five,beş
fix,düzeltmek
flag,bayrak
flame,alev
flat,düz
flavor,lezzet
flee,kaçmak
flesh,et
flight,uçuş
float,batmadan yüzmek
floor,zemin
flow,akış
flower,çiçek
fly,uçmak
focus,odak
folk,halk
follow,takip etmek
following,takip etme
food,yiyecek
foot,ayak
football,futbol
for,için
force,güç
foreign,yabancı
forest,orman
forever,sonsuza kadar
forget,unutmak
form,biçim
formal,resmi
formation,formasyon
former,önceki
formula,formül
forth,ileri
fortune,talih
forward,ileri
found,kurmak
foundation,temel
founder,kurucu
four,dört
fourth,dördüncü
frame,çerçeve
framework,çerçeve
free,özgür
freedom,özgürlük
freeze,dondurmak
French,Fransızca
frequency,sıklık
frequent,sık
frequently,sıklıkla
fresh,taze
friend,arkadaş
friendly,arkadaşça
friendship,dostluk
from,itibaren
front,ön
fruit,meyve
frustration,hayal kırıklığı
fuel,yakıt
full,tam dolu
fully,tamamen
fun,eğlence
function,işlev
fund,fon
fundamental,esas
funding,finansman
funeral,cenaze
funny,eğlenceli
furniture,mobilya
furthermore,üstelik
future,gelecek
gain,kazanmak
galaxy,gökada
gallery,galeri
game,oyun
gang,çete
gap,açıklık
garage,garaj
garden,bahçe
garlic,sarımsak
gas,gaz
gate,geçit
gather,toplamak
gay,eşcinsel
gaze,bakış
gear,vites
gender,cinsiyet
gene,gen
general,genel
generally,genel olarak
generate,oluşturmak
generation,nesil
genetic,genetik
gentleman,beyefendi
gently,yavaşça
German,Almanca
gesture,jest yapmak
get,elde etmek
ghost,hayalet
giant,devasa
gift,hediye
gifted,yetenekli
girl,kız
girlfriend,kız arkadaş
give,vermek
given,verildi
glad,memnun
glance,bakış atmak
glass,bardak
global,küresel
glove,eldiven
go,Gitmek
goal,amaç
God,Tanrı
gold,altın
golden,altın
golf,golf
good,iyi
government,devlet
governor,vali
grab,yakalamak
grade,seviye
gradually,gitgide
graduate,mezun olmak
grain,tahıl
grand,büyük
grandfather,büyükbaba
grandmother,büyükanne
grant,hibe etmek
grass,çimen
grave,mezar
gray,gri
great,Harika
greatest,en büyük
green,yeşil
grocery,bakkal
ground,zemin
group,grup
grow,büyümek
growing,büyüyor
growth,büyüme
guarantee,garanti
guard,koruma
guess,tahmin etmek
guest,misafir
guide,rehber
guideline,kılavuz
guilty,suçlu
gun,silah
guy,adam
habit,alışkanlık
habitat,doğal ortam
hair,saç
half,yarım
hall,salon
hand,el
handful,avuç
handle,halletmek
hang,asmak
happen,olmak
happy,mutlu
hard,zor
hardly,zorlu
hat,şapka
hate,nefret
have,sahip olmak
he,O
head,KAFA
headline,başlık
headquarters,karargah
health,sağlık
healthy,sağlıklı
hear,duymak
hearing,işitme
heart,kalp
heat,sıcaklık
heaven,cennet
heavily,ağır bir şekilde
heavy,ağır
heel,topuk
height,yükseklik
helicopter,helikopter
hell,cehennem
hello,Merhaba
help,yardım
helpful,yardımsever
her,o
here,Burada
heritage,miras
hero,kahraman
herself,kendini
hey,Hey
hi,MERHABA
hide,saklamak
high,yüksek
highlight,vurgulamak
highly,son derece
highway,otoyol
hill,tepe
him,o
himself,kendisi
hip,belki
hire,kiralamak
his,onun
historian,tarihçi
historic,tarihi
historical,tarihi
history,tarih
hit,vurmak
hold,tutmak
hole,delik
holiday,tatil
holy,kutsal
home,Ev
homeless,evsiz
honest,dürüst
honey,Bal
honor,onur
hope,umut
horizon,ufuk
horror,korku
horse,atış
hospital,hastane
host,ev sahibi
hot,sıcak
hotel,otel
hour,saat
house,ev
household,ev
housing,konut
how,Nasıl
however,Yine de
huge,büyük
human,insan
humor,mizah
hundred,yüz
hungry,aç
hunter,avcı
hunting,Avcılık
hurt,acıtmak
husband,koca
hypothesis,hipotez
I,BEN
ice,buz
idea,fikir
ideal,ideal
identification,Tanılama
identify,tanımlamak
identity,kimlik
ie,yani
if,eğer
ignore,görmezden gelmek
ill,hasta
illegal,yasa dışı
illness,hastalık
illustrate,göstermek
image,resim
imagination,hayal gücü
imagine,hayal etmek
immediate,acil
immediately,hemen
immigrant,göçmen
immigration,göç
impact,darbe
implement,uygulamak
implication,ima
imply,ima etmek
importance,önem
important,önemli
impose,empoze etmek
impossible,imkansız
impress,etkilemek
impression,izlenim
impressive,etkileyici
improve,geliştirmek
improvement,gelişim
in,içinde
incentive,teşvik
incident,olay
include,katmak
including,içermek
income,gelir
incorporate,firma kurmak
increase,arttırmak
increased,artırılmış
increasing,artan
increasingly,giderek
incredible,inanılmaz
indeed,Aslında
independence,bağımsızlık
independent,bağımsız
index,dizin
Indian,Hint
indicate,belirtmek
indication,gösterge
individual,bireysel
industrial,endüstriyel
industry,endüstri
infant,bebek
infection,enfeksiyon
inflation,enflasyon
influence,etkilemek
inform,bilgi vermek
information,bilgi
ingredient,bileşen
initial,ilk
initially,ilk olarak
initiative,girişim
injury,incinme
inner,iç
innocent,masum
inquiry,sorgu
inside,içeri
insight,iç yüzü
insist,ısrar etmek
inspire,ilham vermek
install,düzenlemek
instance,misal
instead,yerine
institution,kurum
institutional,kurumsal
instruction,talimat
instructor,eğitmen
instrument,enstrüman
insurance,sigorta
intellectual,entelektüel
intelligence,istihbarat
intend,niyet etmek
intense,yoğun
intensity,yoğunluk
intention,niyet
interaction,etkileşim
interest,faiz
interested,ilgili
interesting,ilginç
internal,dahili
international,uluslararası
Internet,internet
interpret,yorumlamak
interpretation,tercüme
intervention,araya girmek
interview,röportaj
into,içine
introduce,tanıtmak
introduction,giriiş
invasion,istila
invest,yatırım
investigate,araştırmak
investigation,soruşturma
investigator,araştırmacı
investment,yatırım
investor,yatırımcı
invite,davet etmek
involve,içermek
involved,dahil olmuş
involvement,katılım
Iraqi,Irak
Irish,İrlandalı
iron,ütü
Islamic,İslami
island,ada
Israeli,İsrail
issue,sorun
it,BT
Italian,İtalyan
item,öğe
its,onun
itself,kendisi
jacket,ceket
jail,hapishane
Japanese,Japonca
jet,jet
Jew,Yahudi
Jewish,Yahudi
job,iş
join,katılmak
joint,eklem yeri
joke,şaka
journal,günlük
journalist,gazeteci
journey,seyahat
joy,neşe
judge,yargıç
judgment,yargı
juice,meyve suyu
jump,zıplamak
junior,genç
jury,jüri
just,Sadece
justice,adalet
justify,savunmak
keep,kale
key,anahtar
kick,tekme atmak
kid,çocuk
kill,öldürmek
killer,katil
killing,öldürme
kind,tür
king,kral
kiss,öpücük
kitchen,mutfak
knee,diz
knife,bıçak
knock,kapıyı çalmak
know,Bilmek
knowledge,bilgi
lab,laboratuvar
label,etiket
labor,iş gücü
laboratory,laboratuvar
lack,eksiklik
lady,bayan
lake,göl
land,kara
landscape,manzara
language,dil
lap,kucak
large,büyük
largely,büyük ölçüde
last,son
late,geç
later,Daha sonra
Latin,Latince
latter,ikincisi
laugh,gülmek
launch,öğle yemeği
law,kanun
lawn,çim
lawsuit,dava
lawyer,avukat
lay,sermek
layer,katman
lead,yol göstermek
leader,lider
leadership,liderlik
leading,önde gelen
leaf,yaprak
league,lig
lean,eğilmek
learn,öğrenmek
learning,öğrenme
least,en az
leather,deri
leave,ayrılmak
left,sol
leg,bacak
legacy,miras
legal,yasal
legend,efsane
legislation,mevzuat
legitimate,meşru
lemon,limon
length,uzunluk
less,az
lesson,ders
let,izin vermek
letter,mektup
level,seviye
liberal,liberal
library,kütüphane
license,lisans
lie,yalan
life,hayat
lifestyle,yaşam tarzı
lifetime,ömür boyu
lift,kaldırmak
light,ışık
like,beğenmek
likely,büyük ihtimalle
limit,sınır
limitation,sınırlama
limited,sınırlı
line,astar
link,bağlantı
lip,dudak
list,liste
listen,Dinlemek
literally,gerçekten
literary,edebi
literature,edebiyat
little,biraz
live,canlı
living,yaşamak
load,yük
loan,borç
local,yerel
locate,yerini bulmak
location,konum
lock,kilit
long,uzun
long-term,uzun vadeli
look,Bakmak
loose,gevşetmek
lose,kaybetmek
loss,kayıp
lost,kayıp
lot,pay
lots,sürü
loud,yüksek sesle
love,Aşk
lovely,sevimli
lover,sevgili
low,Düşük
lower,daha düşük
luck,şans
lucky,şanslı
lunch,öğle yemeği
lung,akciğer
machine,makine
mad,kızgın
magazine,dergi
mail,posta
main,ana
mainly,daha çok
maintain,sürdürmek
maintenance,Bakım
major,ana
majority,çoğunluk
make,yapmak
maker,yapıcı
makeup,makyaj yapmak
male,erkek
mall,alışveriş merkezi
man,Adam
manage,üstesinden gelmek
management,yönetmek
manager,müdür
manner,biçim
manufacturer,üretici
manufacturing,üretme
many,birçok
map,harita
margin,marj
mark,işaret
market,pazar
marketing,pazarlama
marriage,evlilik
married,evli
marry,evlenmek
mask,maske
mass,yığın
massive,cüsseli
master,usta
match,kibrit
material,malzeme
math,matematik
matter,konu
may,mayıs
maybe,Belki
mayor,belediye başkanı
me,Ben
meal,yemek
mean,Anlam
meaning,Anlam
meanwhile,Bu sırada
measure,ölçüm
measurement,ölçüm
meat,et
mechanism,mekanizma
media,medya
medical,tıbbi
medication,ilaç tedavisi
medicine,ilaç
medium,orta
meet,tanışmak
meeting,toplantı
member,üye
membership,üyelik
memory,hafıza
mental,zihinsel
mention,değinmek
menu,menü
mere,sadece
merely,sadece
mess,karışıklık
message,mesaj
metal,maden
meter,metre
method,yöntem
Mexican,Meksika
middle,orta
might,belki
military,askeri
milk,süt
million,milyon
mind,akıl
mine,bana ait
minister,bakan
minor,küçük
minority,azınlık
minute,dakika
miracle,mucize
mirror,ayna
miss,kayıp
missile,füze
mission,misyon
mistake,hata
mix,karışım
mixture,karışım
mm-hmm,mm-hmm
mode,mod
model,modeli
moderate,ılıman
modern,modern
modest,mütevazı
mom,anne
moment,an
money,para
monitor,monitör
month,ay
mood,mod
moon,ay
moral,ahlaki
more,Daha
moreover,Dahası
morning,Sabah
mortgage,ipotek
most,en
mostly,çoğunlukla
mother,anne
motion,hareket
motivation,motivasyon
motor,motor
mount,montaj
mountain,dağ
mouse,fare
mouth,ağız
move,taşınmak
movement,hareket
movie,film
Mr,Bay
Mrs,Bayan
Ms,Bayan
much,fazla
multiple,çoklu
murder,cinayet
muscle,kas
museum,müze
music,müzik
musical,müzikal
musician,müzisyen
Muslim,Müslüman
must,mutlak
mutual,karşılıklı
my,Benim
myself,kendim
mystery,gizem
myth,efsane
naked,çıplak
name,isim
narrative,anlatı
narrow,dar
nation,ulus
national,ulusal
native,yerli
natural,doğal
naturally,doğal olarak
nature,doğa
near,yakın
nearby,yakında
nearly,neredeyse
necessarily,mutlaka
necessary,gerekli
neck,boyun
need,ihtiyaç
negative,negatif
negotiate,müzakere etmek
negotiation,müzakere
neighbor,komşu
neighborhood,komşu
neither,hiç biri
nerve,sinir
nervous,gergin
net,açık
network,ağ
never,Asla
nevertheless,yine de
new,yeni
newly,yeni
news,haberler
newspaper,gazete
next,Sonraki
nice,Güzel
night,gece
nine,dokuz
no,HAYIR
nobody,hiç kimse
nod,başını sallamak
noise,gürültü
nomination,adaylık
none,hiçbiri
nonetheless,yine de
nor,ne de
normal,normal
normally,normalde
north,kuzey
northern,kuzey
nose,burun
not,Olumsuz
note,Not
nothing,Hiçbir şey
notice,fark etme
notion,fikir
novel,roman
now,Şimdi
nowhere,hiçbir yerde
n't,değil
nuclear,nükleer
number,sayı
numerous,çeşitli
nurse,hemşire
nut,ceviz
object,nesne
objective,amaç
obligation,yükümlülük
observation,gözlem
observe,gözlemlemek
observer,gözlemci
obtain,elde etmek
obvious,bariz
obviously,açıkça
occasion,fırsat
occasionally,ara sıra
occupation,meslek
occupy,işgal etmek
occur,meydana gelmek
ocean,okyanus
odd,garip
odds,ihtimaller
of,ile ilgili
off,kapalı
offense,suç
offensive,saldırgan
offer,teklif
office,ofis
officer,memur
official,resmi
often,sıklıkla
oh,ah
oil,yağ
ok,Tamam
okay,Tamam
old,eskimiş
Olympic,Olimpiyat
on,Açık
once,bir kere
one,bir
ongoing,devam ediyor
onion,soğan
online,çevrimiçi
only,sadece
onto,üzerine
open,açık
opening,açılış
operate,işletmek
operating,işletme
operation,operasyon
operator,operatör
opinion,fikir
opponent,rakip
opportunity,fırsat
oppose,karşı çıkmak
opposite,zıt
opposition,muhalefet
option,seçenek
or,veya
orange,turuncu
order,emir
ordinary,sıradan
organic,organik
organization,organizasyon
organize,organize etmek
orientation,yönlendirme
origin,köken
original,orijinal
originally,aslen
other,diğer
others,diğerleri
otherwise,aksi takdirde
ought,yapmalı
our,bizim
ourselves,kendimizi
out,dışarı
outcome,sonuç
outside,dıştan
oven,fırın
over,üzerinde
overall,etraflı
overcome,üstesinden gelmek
overlook,gözden kaçırmak
owe,sahip olmak
own,sahip olmak
owner,mal sahibi
pace,adımlamak
pack,ambalaj
package,paket
page,sayfa
pain,ağrı
painful,acı verici
paint,boyamak
painter,ressam
painting,tablo
pair,çift
pale,solgun
Palestinian,Filistin
palm,palmiye
pan,tava
panel,paneli
pant,pantolon
paper,kağıt
parent,ebeveyn
park,park
parking,otopark
part,parça
participant,katılımcı
participate,katılmak
participation,katılım
particular,özel
particularly,özellikle
partly,kısmen
partner,ortak
partnership,ortaklık
party,parti
pass,geçmek
passage,geçit
passenger,yolcu
passion,tutku
past,geçmiş
patch,yama
path,yol
patient,hasta
pattern,model
pause,duraklatma
pay,ödemek
payment,ödeme
PC,bilgisayar
peace,barış
peak,doruğa ulaşmak
peer,akran
penalty,penaltı
people,insanlar
pepper,biber
per,başına
perceive,algılamak
percentage,yüzde
perception,algı
perfect,mükemmel
perfectly,kusursuzca
perform,rol yapmak
performance,performans
perhaps,belki
period,dönem
permanent,kalıcı
permission,izin
permit,izin vermek
person,kişi
personal,kişisel
personality,kişilik
personally,kişisel olarak
personnel,personel
perspective,perspektif
persuade,ikna etmek
pet,evcil hayvan
phase,faz
phenomenon,fenomen
philosophy,felsefe
phone,telefon
photo,fotoğraf
photograph,fotoğraf
photographer,fotoğrafçı
phrase,ifade etmek
physical,fiziksel
physically,fiziksel olarak
physician,doktor
piano,piyano
pick,seçmek
picture,resim
pie,turta
piece,parça
pile,yığın
pilot,pilot
pine,çam
pink,pembe
pipe,boru
pitch,saha
place,yer
plan,planı
plane,uçak
planet,gezegen
planning,planlama
plant,bitki
plastic,plastik
plate,plaka
platform,platformu
play,oynamak
player,oyuncu
please,Lütfen
pleasure,zevk
plenty,bolca
plot,komplo
plus,artı
PM,ÖĞLEDEN SONRA
pocket,cep
poem,şiir
poet,şair
poetry,şiir
point,nokta
pole,kutup
police,polis
policy,politika
political,politik
politically,politik olarak
politician,politikacı
politics,politika
poll,anket
pollution,kirlilik
pool,havuz
poor,fakir
pop,pop
popular,popüler
population,nüfus
porch,sundurma
port,liman
portion,porsiyon
portrait,portre
portray,canlandırmak
pose,poz
position,konum
positive,pozitif
possess,elinde bulundurmak
possibility,olasılık
possible,olası
possibly,muhtemelen
post,postalamak
pot,saksı
potato,patates
potential,potansiyel
potentially,potansiyel olarak
pound,pound
pour,dökmek
poverty,yoksulluk
powder,toz
power,güç
powerful,güçlü
practical,pratik
practice,pratik
pray,dua etmek
prayer,namaz
precisely,açık olarak
predict,tahmin etmek
prefer,tercih etmek
preference,tercih
pregnancy,gebelik
pregnant,hamile
preparation,hazırlık
prepare,hazırlanmak
prescription,reçete
presence,mevcudiyet
present,Sunmak
presentation,sunum
preserve,korumak
president,başkan
presidential,başkanlık
press,basmak
pressure,basınç
pretend,numara yapmak
pretty,tatlı
prevent,önlemek
previous,öncesi
previously,önceden
price,fiyat
pride,gurur
priest,rahip
primarily,öncelikle
primary,öncelik
prime,astar vurmak
principal,müdür
principle,prensip
print,baskı
prior,önceki
priority,öncelik
prison,hapishane
prisoner,mahkum
privacy,mahremiyet
private,özel
probably,muhtemelen
problem,sorun
procedure,prosedür
proceed,ilerlemek
process,işlem
produce,üretmek
producer,yapımcı
product,ürün
production,üretme
profession,meslek
professional,profesyonel
professor,profesör
profile,profil
profit,kâr
program,programı
progress,ilerlemek
project,proje
prominent,öne çıkan
promise,söz
promote,terfi
prompt,çabuk
proof,kanıt
proper,düzgün
properly,düzgün bir şekilde
property,mülk
proportion,oran
proposal,teklif
propose,önermek
proposed,önerilen
prosecutor,savcı
prospect,olasılık
protect,korumak
protection,koruma
protein,protein
protest,protesto
proud,gurur duymak
prove,kanıtlamak
provide,sağlamak
provider,sağlayıcı
province,vilayet
provision,karşılık
psychological,psikolojik
psychologist,psikolog
psychology,psikoloji
public,halk
publication,yayın
publicly,halka açık
publish,yayınlamak
publisher,yayıncı
pull,çekmek
punishment,ceza
purchase,satın almak
pure,saf
purpose,amaç
pursue,izlemek
push,itmek
put,koymak
qualify,hak kazanmak
quality,kalite
quarter,çeyrek
quarterback,oyun kurucu
question,soru
quick,hızlı
quickly,hızlıca
quiet,sessizlik
quietly,sessizce
quit,çıkış yapmak
quite,epeyce
quote,alıntı
race,ırk
racial,ırksal
radical,radikal
radio,radyo
rail,demiryolu
rain,yağmur
raise,artırmak
range,menzil
rank,rütbe
rapid,ani
rapidly,hızlıca
rare,nadir
rarely,nadiren
rate,oran
rather,yerine
rating,derecelendirme
ratio,oran
raw,çiğ
reach,ulaşmak
react,tepki vermek
reaction,tepki
read,Okumak
reader,okuyucu
reading,okuma
ready,hazır
real,gerçek
reality,gerçeklik
realize,fark etmek
really,Gerçekten
reason,sebep
reasonable,mantıklı
recall,hatırlamak
receive,almak
recent,son
recently,son zamanlarda
recipe,yemek tarifi
recognition,tanıma
recognize,tanımak
recommend,tavsiye etmek
recommendation,tavsiye
record,kayıt
recording,kayıt
recover,iyileşmek
recovery,iyileşmek
recruit,iyileştirmek
red,kırmızı
reduce,azaltmak
reduction,kesinti
refer,bahsetmek
reference,referans
reflect,yansıtmak
reflection,refleks
reform,reform
refugee,mülteci
refuse,reddetmek
regard,saygınlık
regarding,ilişkin
regardless,ne olursa olsun
regime,rejim
region,bölge
regional,bölgesel
register,kayıt olmak
regular,düzenli
regularly,düzenli olarak
regulate,düzenlemek
regulation,düzenleme
reinforce,güçlendirmek
reject,reddetmek
relate,ilgili olmak
relation,ilişki
relationship,ilişki
relative,akraba
relatively,nispeten
relax,rahatlamak
release,serbest bırakmak
relevant,ilgili
relief,rahatlama
religion,din
religious,din
rely,güvenmek
remain,geriye kalmak
remaining,geriye kalan
remarkable,dikkat çekici
remember,Unutma
remind,hatırlatmak
remote,uzak
remove,kaldırmak
repeat,tekrarlamak
repeatedly,tekrar tekrar
replace,yer değiştirmek
reply,cevap vermek
report,rapor
reporter,muhabir
represent,temsil etmek
representation,temsil
representative,temsilci
Republican,Cumhuriyetçi
reputation,itibar
request,rica etmek
require,gerekmek
requirement,gereklilik
research,araştırma
researcher,araştırmacı
resemble,benzemek
reservation,rezervasyon
resident,ikamet eden kişi
resist,direnmek
resistance,rezistans
resolution,çözünürlük
resolve,çözmek
resort,tatil yeri
resource,kaynak
respect,Saygı
respond,yanıtlamak
respondent,katılımcı
response,cevap
responsibility,sorumluluk
responsible,sorumlu
rest,dinlenmek
restaurant,restoran
restore,eski haline getirmek
restriction,kısıtlama
result,sonuç
retain,sürdürmek
retire,emekli olmak
retirement,emeklilik
return,geri dönmek
reveal,ortaya çıkarmak
revenue,hasılat
review,gözden geçirmek
revolution,devrim
rhythm,ritim
rice,pirinç
rich,zengin
rid,kurtulmak
ride,sürmek
rifle,tüfek
right,Sağ
ring,yüzük
rise,yükselmek
risk,risk
river,nehir
road,yol
rock,kaynak
role,rol
roll,rulo
romantic,romantik
roof,çatı
room,oda
root,kök
rope,halat
rose,gül
rough,kaba 
roughly,kabaca
round,yuvarlak
route,rota
routine,rutin
row,sıra
rub,ovmak
rule,kural
run,koşmak
running,koşma
rural,kırsal
rush,acele etmek
Russian,Rusça
sacred,kutsal
sad,üzgün
safe,güvenli
safety,emniyet
sake,hatır
salad,salata
salary,maaş
sale,satış
sales,satış
salt,tuz
same,Aynı
sample,örnek
sanction,yaptırım
sand,kum
satellite,uydu
satisfaction,memnuniyet
satisfy,tatmin etmek
sauce,sos
save,kaydetmek
saving,tasarruf
say,söylemek
scale,ölçek
scandal,skandal
scared,korkmuş
scenario,senaryo
scene,sahne
schedule,takvim
scheme,şema
scholar,bilgin
scholarship,burs
school,okul
science,bilim
scientific,ilmi
scientist,bilim adamı
scope,kapsam
score,Gol
scream,bağırmak
screen,ekran
script,senaryo
sea,deniz
search,aramak
season,mevsim
seat,koltuk
second,ikinci
secret,gizli
secretary,sekreter
section,bölüm
sector,sektör
secure,güvenli
security,güvenlik
see,Görmek
seed,tohum
seek,aramak
seem,gözükmek
segment,bölüm
seize,ele geçirmek
select,seçme
selection,seçim
self,öz
sell,satmak
Senate,Senato
senator,senatör
send,Göndermek
senior,kıdemli
sense,algı
sensitive,hassas
sentence,cümle
separate,ayırmak
sequence,sekans
series,seri
serious,cidden
seriously,Cidden
serve,sert
service,hizmet
session,oturum
set,ayarlamak
setting,ayar
settle,yerleşmek
settlement,yerleşim
seven,Yedi
several,birçok
severe,haşin
sex,seks
sexual,cinsel
shade,gölge
shadow,gölge
shake,sallamak
shall,olacak
shape,şekil
share,paylaşmak
sharp,keskin
she,o
sheet,çarşaf
shelf,raf
shell,kabuk
shelter,barınak
shift,vardiya
shine,parlamak
ship,gemi
shirt,gömlek
shit,bok
shock,şok
shoe,ayakkabı
shoot,film çekmek
shooting,çekim
shop,mağaza
shopping,alışveriş
shore,sahil
short,kısa
shortly,kısaca
shot,atış
should,yapmalı
shoulder,omuz
shout,bağırmak
show,göstermek
shower,duş
shrug,omuz silkmek
shut,kapat
sick,hasta
side,taraf
sigh,iç çekmek
sight,görünüş
sign,imza
signal,sinyal
significance,önem
significant,önemli
significantly,önemli ölçüde
silence,sessizlik
silent,sessiz
silver,gümüş
similar,benzer
similarly,benzer şekilde
simple,basit
simply,basitçe
sin,günah
since,o zamandan beri
sing,şarkı söylemek
singer,şarkıcı
single,Bekar
sink,atmak
sir,Sayın
sister,kız kardeş
sit,oturmak
site,alan
situation,durum
six,altı
size,boyut
ski,kayak
skill,yetenek
skin,deri
sky,gökyüzü
slave,köle
sleep,uyumak
slice,dilim
slide,slayt
slight,hafif
slightly,biraz
slip,kayma
slow,yavaş
slowly,yavaşça
small,küçük
smart,akıllı
smell,koku
smile,gülümsemek
smoke,duman
smooth,düz
snap,patlatmak
snow,kar
so,Bu yüzden
so-called,sözde
soccer,futbol
social,sosyal
society,toplum
soft,yumuşak
software,yazılım
soil,toprak
solar,güneş
soldier,asker
solid,sağlam
solution,çözüm
solve,çözmek
some,bazı
somebody,birisi
somehow,bir şekilde
someone,birisi
something,bir şey
sometimes,Bazen
somewhat,biraz
somewhere,bir yerde
son,oğul
song,şarkı
soon,yakında
sophisticated,komplike
sorry,Üzgünüm
sort,düzenlemek
soul,ruh
sound,ses
soup,çorba
source,kaynak
south,güney
southern,güney
Soviet,Sovyet
space,uzay
Spanish,İspanyol
speak,konuşmak
speaker,hoparlör
special,özel
specialist,uzman
species,türler
specific,özel
specifically,özellikle
speech,konuşma
speed,hız
spend,harcamak
spending,harcama
spin,döndürmek
spirit,ruh
spiritual,manevi
split,bölmek
spokesman,sözcü
sport,spor
spot,leke
spread,yaymak
spring,bahar
square,kare
squeeze,sıkmak
stability,istikrar
stable,stabil
staff,kadro
stage,sahne
stair,merdiven
stake,hisse
stand,durmak
standard,standart
standing,ayakta
star,yıldız
stare,bakmak
start,başlangıç
state,durum
statement,ifade
station,istasyon
statistics,istatistikler
status,durum
stay,kalmak
steady,sabit durmak
steal,hırsızlık yapmak
steel,çelik
step,adım
stick,sopa
still,Hala
stir,karıştırmak
stock,stoklamak
stomach,karın
stone,taş
stop,durmak
storage,depolamak
store,mağaza
storm,fırtına
story,hikaye
straight,dümdüz
strange,garip
stranger,yabancı
strategic,stratejik
strategy,strateji
stream,aktarım
street,sokak
strength,kuvvet
strengthen,güçlendirmek
stress,stres
stretch,uzatmak
strike,çarpmak
string,sicim
strip,şerit
stroke,felç
strong,güçlü
strongly,şiddetle
structure,yapı
struggle,çabalamak
student,öğrenci
studio,stüdyo
study,çalışmak
stuff,şey
stupid,aptal
style,stil
subject,ders
submit,göndermek
subsequent,sonraki
substance,madde
substantial,varlıklı
succeed,başarmak
success,başarı
successful,başarılı
successfully,başarıyla
such,çok
sudden,birden
suddenly,Birden
sue,dava açmak
suffer,acı çekmek
sufficient,yeterli
sugar,şeker
suggest,tavsiye etmek
suggestion,telkin
suicide,intihar
suit,uygun olmak
summer,yaz
summit,zirve
sun,güneş
super,süper
supply,tedarik
support,Destek
supporter,destekçi
suppose,sanmak
supposed,sözde
Supreme,Yüce
sure,Elbette
surely,kesinlikle
surface,yüzey
surgery,ameliyat
surprise,sürpriz
surprised,şaşırmış
surprising,şaşırtıcı
surprisingly,şaşırtıcı bir şekilde
surround,çevrelemek
survey,anket
survival,hayatta kalma
survive,hayatta kalmak
survivor,hayatta kalan
suspect,şüphelenmek
sustain,güç vermek
swear,küfür
sweep,süpürmek
sweet,tatlı
swim,yüzmek
swing,sallanmak
switch,anahtar
symbol,sembol
symptom,belirti
system,sistem
table,masa
tablespoon,çorba kaşığı
tactic,taktik
tail,kuyruk
take,almak
tale,masal
talent,yetenek
talk,konuşmak
tall,uzun
tank,tankı
tap,musluk
tape,kaset
target,hedef
task,görev
taste,tatmak
tax,vergi
taxpayer,vergi mükellefi
tea,çay
teach,öğretmek
teacher,Öğretmen
teaching,öğretim
team,takım
tear,göz yaşı
teaspoon,çay kaşığı
technical,teknik
technique,teknik
technology,teknoloji
teen,genç
teenager,genç
telephone,telefon
telescope,teleskop
television,televizyon
tell,söylemek
temperature,sıcaklık
temporary,geçici
ten,on
tend,eğilimli olma
tendency,eğilim
tennis,tenis
tension,tansiyon
tent,çadır
term,terim
terms,şartlar
terrible,korkunç
territory,bölge
terror,terör
terrorism,terörizm
terrorist,terörist
test,test
testify,tanıklık etmek
testimony,tanıklık
testing,test
text,metin
than,hariç
thank,teşekkür etmek
thanks,teşekkürler
that,O
the,the
theater,tiyatro
their,onların
them,onlara
theme,tema
themselves,kendileri
then,Daha sonra
theory,teori
therapy,terapi
there,Orası
therefore,Öyleyse
these,bunlar
they,Onlar
thick,kalın
thin,ince
thing,şey
think,düşünmek
thinking,düşünme
third,üçüncü
thirty,otuz
this,Bu
those,onlar
though,Yine de
thought,düşünce
thousand,bin
threat,tehdit
threaten,tehdit etmek
three,üç
throat,boğaz
through,başından sonuna kadar
throughout,boyunca
throw,fırlatmak
thus,Böylece
ticket,bilet
tie,bağlamak
tight,sıkı
time,zaman
tiny,minik
tip,uç
tire,yorulmak
tired,yorgun
tissue,doku
title,başlık
to,ile
tobacco,tütün
today,Bugün
toe,ayak parmağı
together,birlikte
tomato,domates
tomorrow,Yarın
tone,ton
tongue,dil
tonight,bu akşam
too,fazla
tool,alet
tooth,diş
top,tepe
topic,başlık
toss,atmak
total,toplam
totally,tamamen
touch,dokunmak
tough,zorlu
tour,tur
tourist,turist
tournament,turnuva
toward,karşı
towards,karşı
tower,kule
town,şehir
toy,oyuncak
trace,iz
track,izlemek
trade,ticaret
tradition,gelenek
traditional,geleneksel
traffic,trafik
tragedy,trajedi
trail,iz
train,tren
training,eğitim
transfer,aktarma
transform,dönüştürmek
transformation,dönüşüm
transition,geçiş
translate,tercüme etmek
transportation,toplu taşıma
travel,seyahat
treat,davranmak
treatment,tedavi
treaty,anlaşma
tree,ağaç
tremendous,muazzam
trend,eğilim
trial,duruşma
tribe,kabile
trick,kandırmak
trip,seyahat
troop,birlik
trouble,bela
truck,kamyon
truly,tamamen
trust,güven
truth,gerçek
try,denemek
tube,tüp
tunnel,tünel
turn,dönüş
TV,TV
twelve,on iki
twenty,yirmi
twice,iki kere
twin,ikiz
two,iki
type,tip
typical,tipik
typically,tipik olarak
ugly,çirkin
ultimate,nihai
ultimately,sonuçta
unable,aciz
uncle,amca
under,altında
undergo,katlanmak
understand,anlamak
understanding,anlayış
unfortunately,Ne yazık ki
uniform,üniforma
union,birlik
unique,eşsiz
unit,birim
United,Birleşik
universal,evrensel
universe,evren
university,üniversite
unknown,bilinmiyor
unless,meğer ki
unlike,farklı
unlikely,olası değil
until,değin
unusual,olağan dışı
up,yukarı
upon,üzerine
upper,üst
urban,kentsel
urge,dürtü
us,biz
use,kullanmak
used,kullanılmış
useful,kullanışlı
user,kullanıcı
usual,olağan
usually,genellikle
utility,fayda
vacation,tatil
valley,vadi
valuable,değerli
value,değer
variable,değişken
variation,varyasyon
variety,çeşitlilik
various,çeşitli
vary,çeşitli
vast,büyüklük
vegetable,sebze
vehicle,araç
venture,girişim
version,versiyon
versus,karşı
very,çok
vessel,gemi
veteran,kıdemli
via,aracılığıyla
victim,kurban
victory,zafer
video,video
view,görüş
viewer,izleyici
village,köy
violate,ihlal etmek
violation,ihlal
violence,şiddet
violent,şiddetli
virtually,sanal olarak
virtue,erdem
virus,virüs
visible,görünür
vision,görüş
visit,ziyaret etmek
visitor,ziyaretçi
visual,görsel
vital,hayati
voice,ses
volume,hacim
volunteer,gönüllü
vote,oy
voter,seçmen
vs,vs
vulnerable,hassas
wage,maaş
wait,Beklemek
wake,uyanmak
walk,yürümek
wall,duvar
wander,dolaşmak
want,istek
war,savaş
warm,ılık
warn,uyarmak
warning,uyarı
wash,yıkamak
waste,atık
watch,kol saati
water,su
wave,dalga
way,yol
we,Biz
weak,zayıf
wealth,varlık
wealthy,zengin
weapon,silah
wear,giymek
weather,hava durumu
wedding,düğün
week,hafta
weekend,hafta sonu
weekly,haftalık
weigh,tartmak
weight,ağırlık
welcome,Hoş geldin
welfare,refah
well,Peki
west,batı
western,batılı
wet,ıslak
what,Ne
whatever,Her neyse
wheel,teker
when,Ne zaman
whenever,her ne zaman
where,Neresi
whereas,halbuki
whether,ikisinden biri
which,Hangi
while,sırasında
whisper,fısıltı
white,beyaz
who,DSÖ
whole,tüm
whom,kime
whose,kimin
why,Neden
wide,geniş
widely,yaygın olarak
widespread,yaygın
wife,eş
wild,vahşi
will,irade
willing,hevesli
win,kazanç
wind,rüzgâr
window,pencere
wine,şarap
wing,kanat
winner,kazanan
winter,kış
wipe,silip süpürmek
wire,tel
wisdom,bilgelik
wise,bilge
wish,dilek
with,ile
withdraw,geri çekilmek
within,içinde
without,olmadan
witness,tanık
woman,kadın
wonder,merak etmek
wonderful,müthiş
wood,odun
wooden,ahşap
word,kelime
work,iş
worker,işçi
working,çalışma
works,çalışır
workshop,atölye
world,dünya
worried,endişeli
worry,endişelenmek
worth,değer
would,istemek
wound,yara
wrap,dürüm
write,yazmak
writer,yazar
writing,yazma
wrong,yanlış
yard,bahçe
yeah,Evet
year,yıl
yell,bağırmak
yellow,sarı
yes,Evet
yesterday,Dün
yet,henüz
yield,teslim olmak
you,Sen
young,genç
your,senin
yours,senin
yourself,kendin
youth,gençlik
zone,alan
zipper,fermuar
zodiac,zodyak
fondOf,duskunOlmak
quoting,alinti
dictum,ozdeyis
resist,direnmek
indeed,aslinda
immortal,deadless
relase,yainlamak
fiction,kurgu
cavity,bosluk
tempted,cazip
beside,yaninda
pourAut,dokmek
crumbly,kirinti
throw,atmak
almond,badem
oven,firin
sniff,smelling
pretend,yapmacik
threw,atmak
aprons,onluk
flour,un
bacon,pastirma
nut,ceviz
bone,kemik
lick,yalamak
naughty,yaramaz
meanwhile,oSirada
decent,duzgun
pharse,ifadeEtmek
parasol,umbrella
pale,solgun
bush,cali
uneven,duzensiz
stickingUp,dikDurmak
thron,diken
nerd,inekOgrenci
shame,utancVerici
laundry,camasir
ifOnly,keske
harm,zarar
seemstrees,terzi
violence,siddet
annoying,sinirBozucu
inParticular,ozellikle
basedOn,dayali
belief,inanc
firmBelief,kesinInanc
variyety,cesitlilik
appropriate,uygun
thick,kalin
thin,ince
sharp,keskin
messy,daginik
mess,karisiklik
cupboard,dolap
hook,askilik
drawer,cekmece
taste,tatmak
silly,sapsal
pile,yigin
drip,damlama
novel,roman
apperenty,gorunusegore
apperance,gorunmek
worm,solucan
appear,belliOlmak
thread,iplik
threat,tehtit
creepy,urpertici
insect,bocek
above,ustunde
below,altinda
throw,firlatmak
truly,tamamen
needle,igne
occasionally,arasira
awful,berbat
eventually,enindesonunda
shout,bagirmak
hung,takilmak
elegant,zarif
mature,olgun
sense,mantikli
act,davranmak
compiliment,ovgu
complaint,sikayet
insult,hakaret
sign,imza
clever,akilli
amazed,hayretEtmek
change,sans
suppose,sanmak
proud,gururDuymak
assesment,degerlendirme
constantly,ikideBir
literally,gercekten
associated,belirlenmis
demonstrate,gostermek
weak,zayif
opposed,karsi
accurate,kesin
relyOn,guvenmek
teased,dalgaGecmek
archer,okcu
weaver,dokumaci
fabric,kumas
dew,cig
separate,ayirmak
bath,banyo
field,alan
tail,kuyruk
tale,masal
tongue,dil
rude,kaba
pearl,inci
hire,kiralamak
suffer,acicekmek
cheering,tezahuratYapmak
sewing,dikis
unles,megerki
jealous,kiskanc
stereotypic,basmakalip
abuse,taciz
talent,yetenek
competition,yarisma
gasped,nefesikesilmek
tired,yorulmak
tried,denemek
frustrating,sinirBozucu
pot,tencere
desire,arzu
christening,vaftiz
envelope,mektup
bother,rahatsiz
benifit,fayda
dough,hamur
perheaps,maybe
sicisors,makas
rooaster,horoz
observant,dikkatli
arrogant,kibirli
consequence,sonuc
blow,uflemek
bury,gommek
servant,hizmetci
rumour,soylenti
throat,bogaz
retire,emekli
stricking,dikkatCeken
pension,emekliMagisi
flu,nezle
debt,borc
hug,sarilmak
desire,arzu
wierd,dahaAkilli
sweep,supurmek
limp.topal
poll,anket
pool,havuz
nest,yuva
nasty,edepsiz
slippery,kaygan
complain,sikayet
despite,aksine
phase,asama
intensely,yogunBirSekilde
medieval,ortacag
hungrain,edvanture
outh,disari
apart,separate
funding,finasman
jewellery,mucevher
occasion,opportinutes
hymn,ilahi
whisper,fisildamak
hood,kapison
supreme,holly
nervous,gergin
referee,hakem
region,side
rough,rude
fur,kurk
curse,redemption
further,front
apprentice,cirak
mayor,belediyeBaskani
corruption,yolsuzluk
brutual,vahsi
arrest,tutuklama
slave,kole
funreal,cenaze
knight,sovalye
violin,keman
statue,heykel
noble,reputation
feather,tuy
sorcarer,magician
toad,bigFrog
bride,gelin
cereal,grain
belong,aitOlmak
peasant,farmer
circus,sirk
entertain,funny
humid,nemli
grave,mezar
graveyard,mazarlik
lid,kapak
ministry,bakanlik
involve,include
glue,yapistirci
criticize,elsetirmek
suffocation,bogulmak
certain,belirli
nail,civi
shelves,kitaplik
poem,siir
relevant,ilgili
instance,misal
hut,kulube
nagging,dirdir
seduction,bastanCikarma
contributions,katki
victim,kurban
sweat,ter
tear,gozyasi
despite,aksine
colleague,isarkadasi
scarf,atki
trial,deneme
piper,fulut
getRid,kurtulmak
limp,topal
disease,illness
deaf,sagir
cheer,alkis
sculpture,put
parade,gecitToreni
achievement,success
distinct,evident
impact,darbe
diverse,cesit
held,tutmak
delight,memnun
instinct,icgudu
summarize,synopsis
itchy,kasimak
arranged,duzenlanmis
certainly,absolutely
frightened,scary
instinctively,icgudu
stared,bakmak
dried,saved
amuse,enjoying
blush,kizarmak
lend,oduncVermek
borrow,oduncVermek
annoying,frustrating
ashame,shy
patient,hasta
nursery,kres
rhyme,ritim
tempt,cekici
rebel,isyanci
pleasant,nice
gallops,runningFaster
conclusion,solution
subsequently,afterwards
ackquierd,edinilmis
spectaculular,amazing
lookAfter,ilgilenmek
abusing,kotuyeKulanma
revise,gozdenGecirme
purpose,objective
convince,persuade
relate,interestedin